t,x,y,z,qw,qx,qy,qz
1791075853.294,-0.0000,0.0000,0.2045,1.00000,-0.00000,-0.00000,0.00000
1791075853.354,-0.0000,0.0000,0.2045,1.00000,-0.00000,-0.00000,0.00000
1791075853.414,-0.0000,0.0000,0.2046,1.00000,-0.00000,-0.00000,0.00000
1791075853.474,-0.0000,0.0000,0.2046,1.00000,-0.00000,-0.00000,0.00000
1791075853.534,-0.0000,0.0000,0.2047,1.00000,-0.00000,-0.00000,0.00000
1791075853.594,-0.0000,0.0000,0.2048,1.00000,-0.00000,-0.00000,0.00000
1791075853.654,-0.0000,0.0000,0.2048,1.00000,-0.00000,-0.00000,0.00000
1791075853.714,-0.0000,0.0000,0.2049,1.00000,-0.00000,-0.00000,0.00000
1791075853.774,-0.0000,0.0000,0.2049,1.00000,-0.00000,-0.00000,0.00000
1791075853.834,-0.0000,0.0000,0.2050,1.00000,-0.00000,-0.00000,0.00000
1791075853.894,-0.0000,0.0000,0.2051,1.00000,-0.00000,-0.00000,0.00000
1791075855.361,-0.0000,0.0000,0.2051,1.00000,-0.00000,-0.00000,0.00000
1791075855.421,-0.0000,0.0000,0.2052,1.00000,-0.00000,-0.00000,0.00000
1791075855.481,-0.0000,0.0000,0.2052,1.00000,-0.00000,-0.00000,0.00000
1791075855.541,-0.0000,0.0000,0.2053,1.00000,-0.00000,-0.00000,0.00000
1791075855.601,-0.0000,0.0000,0.2054,1.00000,-0.00000,-0.00000,0.00000
1791075855.661,-0.0000,0.0000,0.2054,1.00000,-0.00000,-0.00000,0.00000
1791075855.721,-0.0000,0.0000,0.2055,1.00000,-0.00000,-0.00000,0.00000
1791075855.781,-0.0000,0.0000,0.2055,1.00000,-0.00000,-0.00000,0.00000
1791075855.841,-0.0000,0.0000,0.2056,1.00000,-0.00000,-0.00000,0.00000
1791075855.901,-0.0000,0.0000,0.2057,1.00000,-0.00000,-0.00000,0.00000
1791075855.960,-0.0000,0.0000,0.2057,1.00000,-0.00000,-0.00000,0.00000
1791075856.018,-0.0000,0.0000,0.2058,1.00000,-0.00000,-0.00000,0.00000
1791075856.077,-0.0000,0.0000,0.2058,1.00000,-0.00000,-0.00000,0.00000
1791075856.137,-0.0000,0.0000,0.2059,1.00000,-0.00000,-0.00000,0.00000
1791075856.197,-0.0000,0.0000,0.2059,1.00000,-0.00000,-0.00000,0.00000
1791075856.253,-0.0000,0.0000,0.2060,1.00000,-0.00000,-0.00000,0.00000
1791075856.313,-0.0000,0.0000,0.2061,1.00000,-0.00000,-0.00000,0.00000
1791075856.372,-0.0000,0.0000,0.2061,1.00000,-0.00000,-0.00000,0.00000
1791075856.432,-0.0000,0.0000,0.2062,1.00000,-0.00000,-0.00000,0.00000
1791075856.493,-0.0000,0.0000,0.2062,1.00000,-0.00000,-0.00000,0.00000
1791075856.553,-0.0000,0.0000,0.2063,1.00000,-0.00000,-0.00000,0.00000
1791075856.613,-0.0000,0.0000,0.2064,1.00000,-0.00000,-0.00000,0.00000
1791075856.673,-0.0000,0.0000,0.2064,1.00000,-0.00000,-0.00000,0.00000
1791075856.733,-0.0000,0.0000,0.2065,1.00000,-0.00000,-0.00000,0.00000
1791075856.793,-0.0000,0.0000,0.2065,1.00000,-0.00000,-0.00000,0.00000
1791075856.854,-0.0000,0.0000,0.2066,1.00000,-0.00000,-0.00000,0.00000
1791075856.913,-0.0000,0.0000,0.2067,1.00000,-0.00000,-0.00000,0.00000
1791075856.973,-0.0000,0.0000,0.2067,1.00000,-0.00000,-0.00000,0.00000
1791075857.033,-0.0000,0.0000,0.2068,1.00000,-0.00000,-0.00000,0.00000
1791075857.093,-0.0000,0.0000,0.2068,1.00000,-0.00000,-0.00000,0.00000
1791075857.153,-0.0000,0.0000,0.2069,1.00000,-0.00000,-0.00000,0.00000
1791075857.213,-0.0000,0.0000,0.2070,1.00000,-0.00000,-0.00000,0.00000
1791075857.273,-0.0000,0.0000,0.2070,1.00000,-0.00000,-0.00000,0.00000
1791075857.333,-0.0000,0.0000,0.2071,1.00000,-0.00000,-0.00000,0.00000
1791075857.393,-0.0000,0.0000,0.2071,1.00000,-0.00000,-0.00000,0.00000
1791075857.453,-0.0000,0.0000,0.2072,1.00000,-0.00000,-0.00000,0.00000
1791075857.513,-0.0000,0.0000,0.2073,1.00000,-0.00000,-0.00000,0.00000
1791075857.573,-0.0000,0.0000,0.2073,1.00000,-0.00000,-0.00000,0.00000
1791075857.633,-0.0000,0.0000,0.2074,1.00000,-0.00000,-0.00000,0.00000
1791075857.692,-0.0000,0.0000,0.2074,1.00000,-0.00000,-0.00000,0.00000
1791075857.753,-0.0000,0.0000,0.2075,1.00000,-0.00000,-0.00000,0.00000
1791075857.813,-0.0000,0.0000,0.2076,1.00000,-0.00000,-0.00000,0.00000
1791075857.873,-0.0000,0.0000,0.2076,1.00000,-0.00000,-0.00000,0.00000
1791075857.933,-0.0000,0.0000,0.2077,1.00000,-0.00000,-0.00000,0.00000
1791075857.993,-0.0000,0.0000,0.2077,1.00000,-0.00000,-0.00000,0.00000
1791075858.053,-0.0000,0.0000,0.2078,1.00000,-0.00000,-0.00000,0.00000
1791075858.113,-0.0000,0.0000,0.2079,1.00000,-0.00000,-0.00000,0.00000
1791075858.173,-0.0000,0.0000,0.2079,1.00000,-0.00000,-0.00000,0.00000
1791075858.233,-0.0000,0.0000,0.2080,1.00000,-0.00000,-0.00000,0.00000
1791075858.293,-0.0000,0.0000,0.2080,1.00000,-0.00000,-0.00000,0.00000
1791075858.353,-0.0000,0.0000,0.2081,1.00000,-0.00000,-0.00000,0.00000
1791075858.413,-0.0000,0.0000,0.2082,1.00000,-0.00000,-0.00000,0.00000
1791075858.473,-0.0000,0.0000,0.2082,1.00000,-0.00000,-0.00000,0.00000
1791075858.533,-0.0000,0.0000,0.2083,1.00000,-0.00000,-0.00000,0.00000
1791075858.593,-0.0000,0.0000,0.2083,1.00000,-0.00000,-0.00000,0.00000
1791075858.653,-0.0000,0.0000,0.2084,1.00000,-0.00000,-0.00000,0.00000
1791075858.713,-0.0000,0.0000,0.2085,1.00000,-0.00000,-0.00000,0.00000
1791075858.773,-0.0000,0.0000,0.2085,1.00000,-0.00000,-0.00000,0.00000
1791075858.829,-0.0000,0.0000,0.2086,1.00000,-0.00000,-0.00000,0.00000
1791075858.889,-0.0000,0.0000,0.2086,1.00000,-0.00000,-0.00000,0.00000
1791075858.949,-0.0000,0.0000,0.2087,1.00000,-0.00000,-0.00000,0.00000
1791075859.009,-0.0000,0.0000,0.2088,1.00000,-0.00000,-0.00000,0.00000
1791075859.069,-0.0000,0.0000,0.2088,1.00000,-0.00000,-0.00000,0.00000
1791075860.006,-0.0000,0.0000,0.2088,1.00000,0.00000,-0.00000,0.00000
1791075860.066,-0.0000,0.0000,0.2089,1.00000,0.00000,-0.00000,0.00000
1791075860.126,-0.0000,0.0000,0.2090,1.00000,0.00000,-0.00000,0.00000
1791075860.186,-0.0000,0.0000,0.2090,1.00000,0.00000,-0.00000,0.00000
1791075860.246,-0.0000,0.0000,0.2091,1.00000,0.00000,-0.00000,0.00000
1791075860.306,-0.0000,0.0000,0.2091,1.00000,0.00000,-0.00000,0.00000
1791075860.366,-0.0000,0.0000,0.2092,1.00000,0.00000,-0.00000,0.00000
1791075860.426,-0.0000,0.0000,0.2093,1.00000,0.00000,-0.00000,0.00000
1791075860.486,-0.0000,0.0000,0.2093,1.00000,0.00000,-0.00000,0.00000
1791075860.546,-0.0000,0.0000,0.2094,1.00000,0.00000,-0.00000,0.00000
1791075860.606,-0.0000,0.0000,0.2094,1.00000,0.00000,-0.00000,0.00000
1791075860.666,-0.0000,0.0000,0.2095,1.00000,0.00000,-0.00000,0.00000
1791075860.726,-0.0000,0.0000,0.2096,1.00000,0.00000,-0.00000,0.00000
1791075860.786,-0.0000,0.0000,0.2096,1.00000,0.00000,-0.00000,0.00000
1791075860.846,-0.0000,0.0000,0.2097,1.00000,0.00000,-0.00000,0.00000
1791075860.906,-0.0000,0.0000,0.2097,1.00000,0.00000,-0.00000,0.00000
1791075860.966,-0.0000,0.0000,0.2098,1.00000,0.00000,-0.00000,0.00000
1791075861.026,-0.0000,0.0000,0.2099,1.00000,0.00000,-0.00000,0.00000
1791075861.086,-0.0000,0.0000,0.2099,1.00000,0.00000,-0.00000,0.00000
1791075861.146,-0.0000,0.0000,0.2100,1.00000,0.00000,-0.00000,0.00000
1791075861.206,-0.0000,0.0000,0.2100,1.00000,0.00000,-0.00000,0.00000
1791075861.266,-0.0000,0.0000,0.2101,1.00000,0.00000,-0.00000,0.00000
1791075861.322,-0.0000,0.0000,0.2102,1.00000,0.00000,-0.00000,0.00000
1791075861.382,-0.0000,0.0000,0.2102,1.00000,0.00000,-0.00000,0.00000
1791075861.442,-0.0000,0.0000,0.2103,1.00000,0.00000,-0.00000,0.00000
1791075861.502,-0.0000,0.0000,0.2103,1.00000,0.00000,-0.00000,0.00000
1791075861.562,-0.0000,0.0000,0.2104,1.00000,0.00000,-0.00000,0.00000
1791075861.622,-0.0000,0.0000,0.2105,1.00000,0.00000,-0.00000,0.00000
1791075861.682,-0.0000,0.0000,0.2105,1.00000,0.00000,-0.00000,0.00000
1791075861.742,-0.0000,0.0000,0.2106,1.00000,0.00000,-0.00000,0.00000
1791075861.802,-0.0000,0.0000,0.2106,1.00000,0.00000,-0.00000,0.00000
1791075861.862,-0.0000,0.0000,0.2107,1.00000,0.00000,-0.00000,0.00000
1791075861.922,-0.0000,0.0000,0.2108,1.00000,0.00000,-0.00000,0.00000
1791075861.982,-0.0000,0.0000,0.2108,1.00000,0.00000,-0.00000,0.00000
1791075862.042,-0.0000,0.0000,0.2109,1.00000,0.00000,-0.00000,0.00000
1791075862.102,-0.0000,0.0000,0.2109,1.00000,0.00000,-0.00000,0.00000
1791075862.162,-0.0000,0.0000,0.2110,1.00000,0.00000,-0.00000,0.00000
1791075862.222,-0.0000,0.0000,0.2111,1.00000,0.00000,-0.00000,0.00000
1791075862.282,-0.0000,0.0000,0.2111,1.00000,0.00000,-0.00000,0.00000
1791075862.342,-0.0000,0.0000,0.2112,1.00000,0.00000,-0.00000,0.00000
1791075862.402,-0.0000,0.0000,0.2112,1.00000,0.00000,-0.00000,0.00000
1791075862.462,-0.0000,0.0000,0.2113,1.00000,0.00000,-0.00000,0.00000
1791075862.522,-0.0000,0.0000,0.2114,1.00000,-0.00000,-0.00000,-0.00000
1791075862.582,-0.0000,0.0000,0.2114,1.00000,-0.00000,-0.00000,-0.00000
1791075862.642,-0.0000,0.0000,0.2115,1.00000,-0.00000,-0.00000,-0.00000
1791075862.702,-0.0000,0.0000,0.2115,1.00000,-0.00000,-0.00000,0.00000
1791075862.762,-0.0000,0.0000,0.2116,1.00000,-0.00000,-0.00000,0.00000
1791075862.822,-0.0000,0.0000,0.2117,1.00000,-0.00000,-0.00000,0.00000
1791075862.882,-0.0000,0.0000,0.2117,1.00000,-0.00000,-0.00000,0.00000
1791075862.942,-0.0000,0.0000,0.2118,1.00000,-0.00000,-0.00000,0.00000
1791075863.002,-0.0000,0.0000,0.2118,1.00000,-0.00000,-0.00000,0.00000
1791075863.062,-0.0000,0.0000,0.2119,1.00000,-0.00000,-0.00000,0.00000
1791075863.122,-0.0000,0.0000,0.2120,1.00000,-0.00000,-0.00000,0.00000
1791075863.182,-0.0000,0.0000,0.2120,1.00000,-0.00000,-0.00000,0.00000
1791075863.242,-0.0000,0.0000,0.2121,1.00000,-0.00000,-0.00000,0.00000
1791075863.302,-0.0000,0.0000,0.2121,1.00000,-0.00000,-0.00000,0.00000
1791075863.362,-0.0000,0.0000,0.2122,1.00000,-0.00000,-0.00000,0.00000
1791075863.422,-0.0000,0.0000,0.2123,1.00000,-0.00000,-0.00000,0.00000
1791075863.482,-0.0000,0.0000,0.2123,1.00000,-0.00000,-0.00000,0.00000
1791075863.542,-0.0000,0.0000,0.2124,1.00000,-0.00000,-0.00000,0.00000
1791075863.602,-0.0000,0.0000,0.2124,1.00000,-0.00000,-0.00000,0.00000
1791075863.662,-0.0000,0.0000,0.2125,1.00000,-0.00000,-0.00000,0.00000
1791075863.722,-0.0000,0.0000,0.2126,1.00000,-0.00000,-0.00000,0.00000
1791075863.782,-0.0000,0.0000,0.2126,1.00000,-0.00000,-0.00000,0.00000
1791075863.842,-0.0000,0.0000,0.2127,1.00000,-0.00000,-0.00000,0.00000
1791075863.902,-0.0000,0.0000,0.2127,1.00000,-0.00000,-0.00000,0.00000
1791075863.962,-0.0000,0.0000,0.2128,1.00000,-0.00000,-0.00000,0.00000
1791075864.022,-0.0000,0.0000,0.2129,1.00000,-0.00000,-0.00000,0.00000
1791075864.082,-0.0000,0.0000,0.2129,1.00000,-0.00000,-0.00000,0.00000
1791075864.142,-0.0000,0.0000,0.2130,1.00000,-0.00000,-0.00000,0.00000
1791075864.202,-0.0000,0.0000,0.2130,1.00000,-0.00000,-0.00000,0.00000
1791075864.263,-0.0000,0.0000,0.2131,1.00000,-0.00000,-0.00000,0.00000
1791075864.322,-0.0000,0.0000,0.2132,1.00000,-0.00000,-0.00000,0.00000
1791075864.382,-0.0000,0.0000,0.2132,1.00000,-0.00000,-0.00000,0.00000
1791075864.442,-0.0000,0.0000,0.2133,1.00000,-0.00000,-0.00000,0.00000
1791075864.502,-0.0000,0.0000,0.2133,1.00000,-0.00000,-0.00000,0.00000
1791075864.562,-0.0000,0.0000,0.2134,1.00000,-0.00000,-0.00000,0.00000
1791075864.622,-0.0000,0.0000,0.2135,1.00000,-0.00000,-0.00000,0.00000
1791075864.682,-0.0000,0.0000,0.2135,1.00000,-0.00000,-0.00000,0.00000
1791075864.742,-0.0000,0.0000,0.2136,1.00000,-0.00000,-0.00000,0.00000
1791075864.802,-0.0000,0.0000,0.2136,1.00000,-0.00000,-0.00000,0.00000
1791075864.862,-0.0000,0.0000,0.2137,1.00000,-0.00000,-0.00000,0.00000
1791075864.922,-0.0000,0.0000,0.2138,1.00000,-0.00000,-0.00000,0.00000
1791075864.982,-0.0000,0.0000,0.2138,1.00000,-0.00000,-0.00000,0.00000
1791075865.042,-0.0000,0.0000,0.2139,1.00000,-0.00000,-0.00000,0.00000
1791075865.102,-0.0000,0.0000,0.2139,1.00000,-0.00000,-0.00000,0.00000
1791075865.162,-0.0000,0.0000,0.2140,1.00000,-0.00000,-0.00000,0.00000
1791075865.222,-0.0000,0.0000,0.2141,1.00000,-0.00000,-0.00000,0.00000
1791075865.282,-0.0000,0.0000,0.2141,1.00000,-0.00000,-0.00000,0.00000
1791075865.342,-0.0000,0.0000,0.2142,1.00000,-0.00000,-0.00000,0.00000
1791075865.402,-0.0000,0.0000,0.2142,1.00000,-0.00000,-0.00000,0.00000
1791075865.462,-0.0000,0.0000,0.2143,1.00000,-0.00000,-0.00000,0.00000
1791075865.522,-0.0000,0.0000,0.2144,1.00000,-0.00000,-0.00000,0.00000
1791075865.582,-0.0000,0.0000,0.2144,1.00000,-0.00000,-0.00000,0.00000
1791075865.642,-0.0000,0.0000,0.2145,1.00000,-0.00000,-0.00000,0.00000
1791075865.702,-0.0000,0.0000,0.2145,1.00000,-0.00000,-0.00000,0.00000
1791075865.762,-0.0000,0.0000,0.2146,1.00000,-0.00000,-0.00000,0.00000
1791075865.822,-0.0000,0.0000,0.2147,1.00000,-0.00000,-0.00000,0.00000
1791075865.882,-0.0000,0.0000,0.2147,1.00000,-0.00000,-0.00000,0.00000
1791075865.942,-0.0000,0.0000,0.2148,1.00000,-0.00000,-0.00000,0.00000
1791075866.002,-0.0000,0.0000,0.2148,1.00000,-0.00000,-0.00000,0.00000
1791075866.062,-0.0000,0.0000,0.2149,1.00000,-0.00000,-0.00000,0.00000
1791075866.122,-0.0000,0.0000,0.2150,1.00000,-0.00000,-0.00000,0.00000
1791075866.182,-0.0000,0.0000,0.2150,1.00000,-0.00000,-0.00000,0.00000
1791075866.242,-0.0000,0.0000,0.2151,1.00000,-0.00000,-0.00000,0.00000
1791075866.302,-0.0000,0.0000,0.2151,1.00000,-0.00000,-0.00000,0.00000
1791075866.362,-0.0000,0.0000,0.2152,1.00000,-0.00000,-0.00000,0.00000
1791075866.422,-0.0000,0.0000,0.2153,1.00000,-0.00000,-0.00000,0.00000
1791075866.482,-0.0000,0.0000,0.2153,1.00000,-0.00000,-0.00000,0.00000
1791075866.542,-0.0000,0.0000,0.2154,1.00000,-0.00000,-0.00000,0.00000
1791075866.602,-0.0000,0.0000,0.2154,1.00000,-0.00000,-0.00000,0.00000
1791075866.662,0.0000,0.0000,0.2155,1.00000,-0.00000,-0.00003,0.00008
1791075866.722,0.0000,0.0003,0.2157,1.00000,0.00000,-0.00057,0.00114
1791075866.782,0.0001,0.0008,0.2162,0.99999,-0.00015,-0.00203,0.00413
1791075866.842,0.0000,0.0014,0.2171,0.99995,-0.00076,-0.00326,0.00987
1791075866.902,-0.0003,0.0019,0.2188,0.99983,-0.00132,-0.00411,0.01781
1791075866.962,-0.0008,0.0025,0.2215,0.99962,-0.00176,-0.00449,0.02700
1791075867.022,-0.0017,0.0032,0.2253,0.99932,-0.00206,-0.00446,0.03653
1791075867.082,-0.0028,0.0040,0.2304,0.99895,-0.00220,-0.00413,0.04556
1791075867.142,-0.0041,0.0049,0.2367,0.99856,-0.00220,-0.00361,0.05348
1791075867.202,-0.0057,0.0058,0.2444,0.99820,-0.00211,-0.00299,0.05990
1791075867.262,-0.0073,0.0069,0.2535,0.99790,-0.00194,-0.00234,0.06464
1791075867.321,-0.0091,0.0080,0.2638,0.99770,-0.00174,-0.00170,0.06771
1791075867.382,-0.0108,0.0091,0.2754,0.99760,-0.00153,-0.00110,0.06926
1791075867.442,-0.0125,0.0103,0.2883,0.99758,-0.00130,-0.00058,0.06953
1791075867.501,-0.0142,0.0115,0.3024,0.99763,-0.00108,-0.00014,0.06882
1791075867.562,-0.0158,0.0127,0.3176,0.99772,-0.00087,0.00019,0.06743
1791075867.621,-0.0172,0.0139,0.3341,0.99784,-0.00066,0.00042,0.06565
1791075867.682,-0.0186,0.0151,0.3516,0.99797,-0.00043,0.00061,0.06372
1791075867.742,-0.0198,0.0162,0.3702,0.99809,-0.00020,0.00073,0.06183
1791075867.802,-0.0209,0.0173,0.3899,0.99819,0.00003,0.00083,0.06013
1791075867.862,-0.0219,0.0183,0.4105,0.99828,0.00023,0.00091,0.05869
1791075867.922,-0.0227,0.0192,0.4322,0.99834,0.00042,0.00095,0.05755
1791075867.982,-0.0234,0.0201,0.4549,0.99839,0.00057,0.00098,0.05670
1791075868.041,-0.0240,0.0208,0.4785,0.99842,0.00072,0.00097,0.05610
1791075868.102,-0.0245,0.0215,0.5030,0.99845,0.00082,0.00095,0.05572
1791075868.162,-0.0249,0.0220,0.5284,0.99846,0.00089,0.00092,0.05549
1791075868.222,-0.0251,0.0225,0.5548,0.99847,0.00093,0.00089,0.05536
1791075868.282,-0.0253,0.0229,0.5819,0.99847,0.00093,0.00086,0.05529
1791075868.341,-0.0255,0.0232,0.6100,0.99847,0.00092,0.00083,0.05523
1791075868.402,-0.0255,0.0234,0.6388,0.99848,0.00090,0.00078,0.05515
1791075868.461,-0.0255,0.0235,0.6683,0.99848,0.00083,0.00075,0.05505
1791075868.522,-0.0254,0.0235,0.6987,0.99849,0.00075,0.00071,0.05491
1791075868.582,-0.0253,0.0235,0.7297,0.99850,0.00063,0.00066,0.05473
1791075868.641,-0.0251,0.0235,0.7615,0.99851,0.00049,0.00062,0.05452
1791075868.701,-0.0249,0.0234,0.7941,0.99853,0.00035,0.00058,0.05428
1791075868.762,-0.0247,0.0233,0.8273,0.99854,0.00020,0.00052,0.05403
1791075868.822,-0.0244,0.0232,0.8611,0.99855,0.00009,0.00046,0.05377
1791075868.882,-0.0241,0.0231,0.8957,0.99857,-0.00001,0.00040,0.05350
1791075868.942,-0.0238,0.0230,0.9309,0.99858,-0.00007,0.00031,0.05325
1791075869.001,-0.0235,0.0230,0.9667,0.99859,-0.00008,0.00021,0.05301
1791075869.062,-0.0232,0.0229,1.0031,0.99861,-0.00007,0.00010,0.05278
1791075869.122,-0.0229,0.0228,1.0402,0.99862,-0.00002,0.00002,0.05256
1791075869.182,-0.0227,0.0228,1.0778,0.99863,0.00000,-0.00006,0.05234
1791075869.242,-0.0224,0.0227,1.1160,0.99864,0.00003,-0.00009,0.05214
1791075869.301,-0.0222,0.0227,1.1547,0.99865,0.00004,-0.00010,0.05194
1791075869.361,-0.0220,0.0227,1.1940,0.99866,0.00005,-0.00009,0.05174
1791075869.422,-0.0218,0.0226,1.2338,0.99867,0.00008,-0.00007,0.05155
1791075869.482,-0.0217,0.0225,1.2735,0.99868,0.00010,-0.00006,0.05136
1791075869.542,-0.0215,0.0225,1.3125,0.99869,0.00014,-0.00003,0.05118
1791075869.602,-0.0214,0.0224,1.3502,0.99870,0.00021,0.00002,0.05101
1791075869.662,-0.0213,0.0224,1.3864,0.99871,0.00029,0.00004,0.05084
1791075869.722,-0.0211,0.0223,1.4208,0.99872,0.00039,0.00003,0.05068
1791075869.782,-0.0210,0.0222,1.4536,0.99872,0.00051,0.00001,0.05051
1791075869.842,-0.0209,0.0220,1.4846,0.99873,0.00060,-0.00003,0.05034
1791075869.901,-0.0208,0.0219,1.5141,0.99874,0.00071,-0.00008,0.05018
1791075869.962,-0.0207,0.0216,1.5421,0.99875,0.00080,-0.00011,0.05001
1791075870.022,-0.0206,0.0214,1.5687,0.99876,0.00087,-0.00011,0.04985
1791075870.082,-0.0205,0.0211,1.5939,0.99876,0.00093,-0.00013,0.04969
1791075870.142,-0.0204,0.0208,1.6180,0.99877,0.00098,-0.00014,0.04954
1791075870.202,-0.0204,0.0204,1.6409,0.99878,0.00099,-0.00016,0.04940
1791075870.261,-0.0203,0.0199,1.6627,0.99879,0.00099,-0.00016,0.04927
1791075870.322,-0.0203,0.0195,1.6835,0.99879,0.00097,-0.00017,0.04914
1791075870.381,-0.0203,0.0189,1.7033,0.99880,0.00094,-0.00020,0.04902
1791075870.442,-0.0203,0.0184,1.7222,0.99880,0.00090,-0.00022,0.04892
1791075870.502,-0.0203,0.0178,1.7403,0.99881,0.00089,-0.00024,0.04883
1791075870.562,-0.0203,0.0172,1.7575,0.99881,0.00090,-0.00029,0.04875
1791075870.621,-0.0203,0.0166,1.7740,0.99881,0.00094,-0.00032,0.04869
1791075870.681,-0.0204,0.0159,1.7897,0.99882,0.00099,-0.00037,0.04863
1791075870.741,-0.0204,0.0153,1.8048,0.99882,0.00103,-0.00038,0.04859
1791075870.802,-0.0205,0.0145,1.8192,0.99882,0.00106,-0.00038,0.04856
1791075870.862,-0.0206,0.0138,1.8331,0.99882,0.00110,-0.00036,0.04852
1791075870.922,-0.0207,0.0130,1.8464,0.99882,0.00115,-0.00034,0.04849
1791075870.982,-0.0209,0.0122,1.8592,0.99882,0.00120,-0.00033,0.04845
1791075871.042,-0.0210,0.0114,1.8715,0.99883,0.00122,-0.00036,0.04840
1791075871.102,-0.0211,0.0105,1.8834,0.99883,0.00125,-0.00039,0.04834
1791075871.162,-0.0213,0.0096,1.8948,0.99883,0.00126,-0.00044,0.04827
1791075871.221,-0.0215,0.0087,1.9058,0.99884,0.00122,-0.00048,0.04819
1791075871.281,-0.0217,0.0077,1.9164,0.99884,0.00114,-0.00052,0.04810
1791075871.341,-0.0219,0.0068,1.9267,0.99885,0.00100,-0.00054,0.04801
1791075871.401,-0.0221,0.0058,1.9365,0.99885,0.00086,-0.00054,0.04792
1791075871.462,-0.0224,0.0048,1.9460,0.99886,0.00070,-0.00053,0.04783
1791075871.522,-0.0227,0.0038,1.9552,0.99886,0.00057,-0.00049,0.04774
1791075871.582,-0.0230,0.0029,1.9641,0.99886,0.00047,-0.00045,0.04766
1791075871.641,-0.0233,0.0019,1.9727,0.99887,0.00039,-0.00039,0.04759
1791075871.701,-0.0236,0.0010,1.9810,0.99887,0.00036,-0.00031,0.04752
1791075871.762,-0.0239,0.0002,1.9890,0.99887,0.00037,-0.00023,0.04745
1791075871.822,-0.0242,-0.0007,1.9968,0.99888,0.00041,-0.00011,0.04740
1791075871.882,-0.0245,-0.0015,2.0044,0.99888,0.00044,0.00000,0.04734
1791075871.942,-0.0247,-0.0023,2.0119,0.99888,0.00038,0.00225,0.04728
1791075872.001,-0.0247,-0.0030,2.0207,0.99869,-0.00036,0.01945,0.04722
1791075872.062,-0.0234,-0.0037,2.0301,0.99807,-0.00130,0.04031,0.04714
1791075872.122,-0.0193,-0.0040,2.0393,0.99724,-0.00205,0.05733,0.04704
1791075872.182,-0.0116,-0.0040,2.0481,0.99651,-0.00253,0.06896,0.04694
1791075872.241,0.0003,-0.0036,2.0560,0.99602,-0.00278,0.07583,0.04685
1791075872.302,0.0166,-0.0029,2.0632,0.99577,-0.00284,0.07902,0.04676
1791075872.362,0.0373,-0.0017,2.0697,0.99573,-0.00277,0.07953,0.04669
1791075872.422,0.0622,-0.0001,2.0755,0.99584,-0.00263,0.07828,0.04665
1791075872.482,0.0908,0.0018,2.0809,0.99602,-0.00240,0.07590,0.04663
1791075872.542,0.1228,0.0040,2.0858,0.99625,-0.00213,0.07288,0.04664
1791075872.602,0.1579,0.0064,2.0905,0.99648,-0.00180,0.06958,0.04665
1791075872.661,0.1955,0.0090,2.0949,0.99671,-0.00139,0.06629,0.04663
1791075872.721,0.2353,0.0118,2.0991,0.99692,-0.00094,0.06314,0.04657
1791075872.782,0.2770,0.0146,2.1033,0.99710,-0.00051,0.06026,0.04641
1791075872.842,0.3202,0.0176,2.1074,0.99727,-0.00003,0.05770,0.04615
1791075872.902,0.3647,0.0205,2.1114,0.99741,0.00044,0.05549,0.04574
1791075872.961,0.4102,0.0234,2.1153,0.99754,0.00090,0.05362,0.04517
1791075873.022,0.4566,0.0262,2.1192,0.99765,0.00130,0.05205,0.04446
1791075873.082,0.5036,0.0288,2.1230,0.99775,0.00166,0.05080,0.04361
1791075873.142,0.5512,0.0314,2.1267,0.99785,0.00200,0.04981,0.04265
1791075873.202,0.5992,0.0338,2.1303,0.99793,0.00232,0.04905,0.04160
1791075873.261,0.6475,0.0361,2.1339,0.99800,0.00265,0.04848,0.04049
1791075873.322,0.6962,0.0381,2.1374,0.99806,0.00298,0.04810,0.03934
1791075873.382,0.7452,0.0400,2.1409,0.99812,0.00329,0.04788,0.03816
1791075873.441,0.7943,0.0416,2.1444,0.99817,0.00356,0.04780,0.03697
1791075873.502,0.8437,0.0430,2.1479,0.99821,0.00375,0.04781,0.03581
1791075873.561,0.8933,0.0442,2.1513,0.99824,0.00390,0.04789,0.03470
1791075873.622,0.9431,0.0451,2.1548,0.99827,0.00400,0.04804,0.03367
1791075873.681,0.9930,0.0458,2.1582,0.99829,0.00409,0.04824,0.03274
1791075873.742,1.0432,0.0464,2.1616,0.99831,0.00416,0.04847,0.03192
1791075873.802,1.0935,0.0466,2.1649,0.99832,0.00423,0.04871,0.03124
1791075873.862,1.1440,0.0467,2.1683,0.99832,0.00430,0.04896,0.03067
1791075873.922,1.1948,0.0466,2.1716,0.99832,0.00438,0.04922,0.03021
1791075873.981,1.2457,0.0463,2.1748,0.99832,0.00448,0.04945,0.02984
1791075874.041,1.2969,0.0458,2.1781,0.99832,0.00457,0.04969,0.02955
1791075874.102,1.3482,0.0452,2.1813,0.99831,0.00465,0.04991,0.02931
1791075874.162,1.3998,0.0443,2.1845,0.99831,0.00471,0.05014,0.02913
1791075874.221,1.4516,0.0433,2.1876,0.99830,0.00475,0.05036,0.02899
1791075874.282,1.5036,0.0421,2.1906,0.99829,0.00478,0.05056,0.02887
1791075874.342,1.5559,0.0408,2.1936,0.99828,0.00479,0.05076,0.02879
1791075874.401,1.6083,0.0393,2.1966,0.99828,0.00478,0.05093,0.02875
1791075874.462,1.6610,0.0377,2.1996,0.99827,0.00477,0.05110,0.02873
1791075874.522,1.7139,0.0359,2.2025,0.99828,0.00479,0.05088,0.02873
1791075874.581,1.7669,0.0341,2.2054,0.99833,0.00480,0.04980,0.02876
1791075874.641,1.8201,0.0321,2.2081,0.99843,0.00481,0.04786,0.02880
1791075874.702,1.8732,0.0300,2.2108,0.99855,0.00486,0.04529,0.02886
1791075874.761,1.9261,0.0278,2.2134,0.99867,0.00494,0.04231,0.02892
1791075874.822,1.9785,0.0255,2.2160,0.99880,0.00505,0.03908,0.02898
1791075874.878,2.0270,0.0232,2.2184,0.99892,0.00516,0.03602,0.02903
1791075874.938,2.0781,0.0206,2.2210,0.99903,0.00528,0.03277,0.02908
1791075874.998,2.1283,0.0179,2.2236,0.99912,0.00539,0.02962,0.02911
1791075875.058,2.1773,0.0151,2.2261,0.99921,0.00544,0.02663,0.02914
1791075875.117,2.2252,0.0121,2.2287,0.99928,0.00545,0.02384,0.02915
1791075875.178,2.2716,0.0090,2.2312,0.99933,0.00539,0.02124,0.02915
1791075875.238,2.3166,0.0057,2.2337,0.99938,0.00526,0.01886,0.02915
1791075875.298,2.3601,0.0024,2.2361,0.99942,0.00508,0.01669,0.02915
1791075875.358,2.4020,-0.0011,2.2385,0.99946,0.00485,0.01472,0.02914
1791075875.417,2.4422,-0.0047,2.2408,0.99948,0.00458,0.01298,0.02914
1791075875.478,2.4808,-0.0083,2.2430,0.99950,0.00427,0.01139,0.02912
1791075875.538,2.5178,-0.0120,2.2450,0.99952,0.00392,0.00996,0.02908
1791075875.598,2.5532,-0.0156,2.2469,0.99954,0.00351,0.00865,0.02902
1791075875.658,2.5869,-0.0193,2.2487,0.99955,0.00306,0.00750,0.02890
1791075875.718,2.6190,-0.0229,2.2504,0.99956,0.00261,0.00648,0.02872
1791075875.778,2.6495,-0.0265,2.2519,0.99958,0.00215,0.00561,0.02847
1791075875.838,2.6785,-0.0300,2.2532,0.99959,0.00172,0.00488,0.02813
1791075875.898,2.7060,-0.0334,2.2544,0.99961,0.00132,0.00430,0.02772
1791075875.958,2.7321,-0.0366,2.2559,0.99961,-0.00459,0.00324,0.02726
1791075876.017,2.7567,-0.0392,2.2587,0.99935,-0.02414,0.00092,0.02675
1791075876.077,2.7798,-0.0400,2.2619,0.99868,-0.04425,-0.00123,0.02616
1791075876.137,2.8013,-0.0377,2.2648,0.99789,-0.05961,-0.00264,0.02551
1791075876.198,2.8212,-0.0316,2.2672,0.99725,-0.06973,-0.00335,0.02486
1791075876.258,2.8394,-0.0211,2.2688,0.99685,-0.07545,-0.00351,0.02424
1791075876.318,2.8562,-0.0062,2.2697,0.99668,-0.07780,-0.00328,0.02372
1791075876.378,2.8715,0.0130,2.2700,0.99670,-0.07774,-0.00281,0.02334
1791075876.438,2.8856,0.0363,2.2698,0.99683,-0.07611,-0.00224,0.02316
1791075876.497,2.8985,0.0633,2.2691,0.99702,-0.07348,-0.00160,0.02323
1791075876.558,2.9103,0.0936,2.2682,0.99725,-0.07031,-0.00097,0.02357
1791075876.618,2.9213,0.1268,2.2672,0.99746,-0.06695,-0.00038,0.02420
1791075876.678,2.9314,0.1625,2.2660,0.99766,-0.06363,0.00017,0.02507
1791075876.738,2.9408,0.2004,2.2649,0.99782,-0.06051,0.00068,0.02616
1791075876.798,2.9495,0.2400,2.2637,0.99796,-0.05771,0.00118,0.02740
1791075876.858,2.9576,0.2811,2.2627,0.99806,-0.05526,0.00163,0.02869
1791075876.918,2.9653,0.3234,2.2617,0.99813,-0.05320,0.00205,0.02997
1791075876.978,2.9724,0.3667,2.2609,0.99818,-0.05149,0.00242,0.03115
1791075877.038,2.9792,0.4109,2.2602,0.99822,-0.05010,0.00274,0.03215
1791075877.097,2.9856,0.4557,2.2596,0.99825,-0.04898,0.00301,0.03294
1791075877.157,2.9918,0.5011,2.2592,0.99828,-0.04811,0.00322,0.03348
1791075877.218,2.9976,0.5469,2.2588,0.99830,-0.04747,0.00336,0.03378
1791075877.278,3.0032,0.5931,2.2586,0.99831,-0.04702,0.00345,0.03385
1791075877.338,3.0086,0.6396,2.2584,0.99833,-0.04672,0.00348,0.03373
1791075877.398,3.0137,0.6865,2.2584,0.99835,-0.04654,0.00348,0.03346
1791075877.458,3.0187,0.7336,2.2585,0.99837,-0.04645,0.00343,0.03308
1791075877.518,3.0235,0.7809,2.2586,0.99838,-0.04643,0.00334,0.03264
1791075877.578,3.0281,0.8284,2.2589,0.99840,-0.04646,0.00320,0.03217
1791075877.638,3.0325,0.8762,2.2592,0.99841,-0.04658,0.00305,0.03172
1791075877.698,3.0368,0.9241,2.2595,0.99841,-0.04673,0.00291,0.03131
1791075877.757,3.0409,0.9723,2.2599,0.99841,-0.04693,0.00277,0.03094
1791075877.818,3.0448,1.0206,2.2604,0.99841,-0.04716,0.00263,0.03063
1791075877.878,3.0486,1.0692,2.2609,0.99841,-0.04742,0.00251,0.03035
1791075877.938,3.0522,1.1179,2.2614,0.99841,-0.04767,0.00238,0.03010
1791075877.997,3.0556,1.1669,2.2619,0.99840,-0.04793,0.00225,0.02987
1791075878.058,3.0589,1.2161,2.2624,0.99840,-0.04820,0.00208,0.02965
1791075878.118,3.0620,1.2655,2.2629,0.99839,-0.04849,0.00189,0.02944
1791075878.177,3.0650,1.3151,2.2634,0.99838,-0.04877,0.00167,0.02922
1791075878.238,3.0678,1.3649,2.2639,0.99837,-0.04905,0.00144,0.02901
1791075878.298,3.0704,1.4150,2.2644,0.99837,-0.04932,0.00119,0.02879
1791075878.358,3.0728,1.4653,2.2648,0.99836,-0.04958,0.00095,0.02858
1791075878.418,3.0750,1.5158,2.2652,0.99835,-0.04983,0.00072,0.02837
1791075878.477,3.0771,1.5666,2.2657,0.99835,-0.05008,0.00047,0.02818
1791075878.538,3.0789,1.6176,2.2661,0.99834,-0.05031,0.00023,0.02799
1791075878.598,3.0806,1.6689,2.2666,0.99834,-0.05050,-0.00004,0.02782
1791075878.658,3.0820,1.7204,2.2670,0.99835,-0.05027,-0.00029,0.02767
1791075878.718,3.0833,1.7721,2.2673,0.99841,-0.04922,-0.00048,0.02752
1791075878.778,3.0843,1.8239,2.2674,0.99850,-0.04741,-0.00061,0.02740
1791075878.838,3.0852,1.8757,2.2674,0.99861,-0.04504,-0.00065,0.02729
1791075878.898,3.0859,1.9272,2.2674,0.99874,-0.04228,-0.00064,0.02721
1791075878.958,3.0864,1.9785,2.2672,0.99886,-0.03932,-0.00059,0.02714
1791075879.018,3.0867,2.0292,2.2669,0.99897,-0.03628,-0.00048,0.02710
1791075879.077,3.0869,2.0791,2.2666,0.99908,-0.03323,-0.00034,0.02707
1791075879.138,3.0871,2.1282,2.2662,0.99918,-0.03024,-0.00018,0.02706
1791075879.198,3.0871,2.1763,2.2659,0.99926,-0.02742,0.00001,0.02705
1791075879.258,3.0871,2.2233,2.2656,0.99933,-0.02477,0.00024,0.02706
1791075879.318,3.0871,2.2689,2.2654,0.99938,-0.02231,0.00052,0.02708
1791075879.378,3.0871,2.3133,2.2652,0.99943,-0.02004,0.00080,0.02710
1791075879.438,3.0871,2.3562,2.2651,0.99947,-0.01799,0.00112,0.02713
1791075879.496,3.0871,2.3949,2.2651,0.99950,-0.01629,0.00143,0.02715
1791075879.554,3.0872,2.4349,2.2652,0.99952,-0.01467,0.00173,0.02718
1791075879.614,3.0874,2.4735,2.2654,0.99954,-0.01328,0.00199,0.02720
1791075879.674,3.0877,2.5105,2.2657,0.99955,-0.01209,0.00220,0.02721
1791075879.734,3.0881,2.5460,2.2660,0.99957,-0.01110,0.00236,0.02722
1791075879.794,3.0886,2.5800,2.2664,0.99957,-0.01024,0.00246,0.02720
1791075879.854,3.0892,2.6127,2.2668,0.99958,-0.00948,0.00252,0.02718
1791075879.914,3.0899,2.6439,2.2673,0.99959,-0.00881,0.00252,0.02713
1791075879.974,3.0908,2.6737,2.2678,0.99960,-0.00823,0.00249,0.02707
1791075880.034,3.0917,2.7022,2.2682,0.99960,-0.00769,0.00243,0.02700
1791075880.094,3.0928,2.7295,2.2687,0.99961,-0.00718,0.00235,0.02691
1791075880.154,3.0939,2.7556,2.2691,0.99962,-0.00672,0.00228,0.02681
1791075880.214,3.0951,2.7804,2.2695,0.99962,-0.00626,0.00222,0.02672
1791075880.274,3.0963,2.8041,2.2706,0.99964,0.00149,-0.00333,0.02673
1791075880.334,3.0972,2.8262,2.2731,0.99934,0.01821,-0.01630,0.02694
1791075880.394,3.0970,2.8456,2.2759,0.99864,0.03396,-0.02876,0.02734
1791075880.454,3.0949,2.8614,2.2786,0.99786,0.04538,-0.03804,0.02788
1791075880.513,3.0904,2.8731,2.2807,0.99725,0.05244,-0.04399,0.02852
1791075880.574,3.0833,2.8804,2.2823,0.99689,0.05596,-0.04722,0.02917
1791075880.634,3.0736,2.8834,2.2832,0.99676,0.05689,-0.04846,0.02973
1791075880.694,3.0614,2.8822,2.2836,0.99681,0.05603,-0.04827,0.03016
1791075880.754,3.0467,2.8771,2.2836,0.99696,0.05406,-0.04714,0.03042
1791075880.814,3.0298,2.8686,2.2833,0.99718,0.05144,-0.04543,0.03051
1791075880.874,3.0110,2.8570,2.2829,0.99741,0.04853,-0.04345,0.03046
1791075880.934,2.9905,2.8428,2.2823,0.99764,0.04556,-0.04139,0.03029
1791075880.994,2.9686,2.8262,2.2818,0.99786,0.04268,-0.03941,0.03003
1791075881.054,2.9454,2.8076,2.2812,0.99805,0.04001,-0.03760,0.02970
1791075881.114,2.9212,2.7874,2.2806,0.99821,0.03757,-0.03600,0.02933
1791075881.174,2.8961,2.7658,2.2801,0.99835,0.03542,-0.03467,0.02892
1791075881.233,2.8702,2.7430,2.2797,0.99847,0.03355,-0.03358,0.02847
1791075881.294,2.8438,2.7193,2.2792,0.99856,0.03196,-0.03276,0.02798
1791075881.354,2.8168,2.6949,2.2788,0.99864,0.03063,-0.03216,0.02745
1791075881.414,2.7894,2.6698,2.2784,0.99870,0.02953,-0.03175,0.02685
1791075881.474,2.7616,2.6442,2.2780,0.99875,0.02867,-0.03147,0.02619
1791075881.534,2.7334,2.6182,2.2777,0.99879,0.02803,-0.03127,0.02547
1791075881.594,2.7049,2.5919,2.2774,0.99883,0.02758,-0.03118,0.02471
1791075881.654,2.6761,2.5653,2.2772,0.99886,0.02730,-0.03115,0.02390
1791075881.713,2.6471,2.5384,2.2769,0.99888,0.02712,-0.03120,0.02306
1791075881.774,2.6177,2.5113,2.2767,0.99890,0.02704,-0.03131,0.02221
1791075881.834,2.5881,2.4840,2.2766,0.99891,0.02704,-0.03145,0.02136
1791075881.894,2.5583,2.4566,2.2764,0.99892,0.02711,-0.03160,0.02051
1791075881.954,2.5282,2.4289,2.2763,0.99893,0.02726,-0.03176,0.01968
1791075882.014,2.4979,2.4011,2.2762,0.99893,0.02745,-0.03193,0.01887
1791075882.074,2.4673,2.3731,2.2761,0.99894,0.02771,-0.03211,0.01808
1791075882.134,2.4365,2.3450,2.2760,0.99894,0.02802,-0.03227,0.01732
1791075882.194,2.4054,2.3166,2.2759,0.99893,0.02838,-0.03243,0.01659
1791075882.254,2.3741,2.2881,2.2758,0.99893,0.02878,-0.03256,0.01589
1791075882.314,2.3426,2.2593,2.2756,0.99892,0.02918,-0.03269,0.01522
1791075882.374,2.3108,2.2304,2.2754,0.99892,0.02960,-0.03281,0.01457
1791075882.433,2.2789,2.2012,2.2752,0.99891,0.02997,-0.03293,0.01393
1791075882.494,2.2467,2.1717,2.2750,0.99890,0.03033,-0.03306,0.01331
1791075882.554,2.2143,2.1420,2.2747,0.99890,0.03065,-0.03320,0.01269
1791075882.614,2.1817,2.1120,2.2743,0.99889,0.03092,-0.03335,0.01208
1791075882.674,2.1489,2.0818,2.2739,0.99889,0.03116,-0.03351,0.01147
1791075882.734,2.1159,2.0513,2.2736,0.99888,0.03137,-0.03370,0.01085
1791075882.794,2.0827,2.0206,2.2732,0.99888,0.03154,-0.03388,0.01023
1791075882.854,2.0493,1.9896,2.2728,0.99887,0.03171,-0.03408,0.00959
1791075882.914,2.0156,1.9584,2.2724,0.99886,0.03187,-0.03427,0.00895
1791075882.974,1.9818,1.9269,2.2719,0.99886,0.03203,-0.03443,0.00830
1791075883.034,1.9477,1.8952,2.2715,0.99886,0.03216,-0.03455,0.00764
1791075883.093,1.9135,1.8633,2.2710,0.99885,0.03229,-0.03466,0.00699
1791075883.154,1.8790,1.8311,2.2705,0.99885,0.03243,-0.03475,0.00633
1791075883.213,1.8443,1.7988,2.2700,0.99885,0.03257,-0.03482,0.00569
1791075883.274,1.8095,1.7662,2.2696,0.99884,0.03271,-0.03491,0.00506
1791075883.334,1.7744,1.7334,2.2691,0.99884,0.03286,-0.03500,0.00444
1791075883.394,1.7392,1.7004,2.2688,0.99883,0.03300,-0.03510,0.00384
1791075883.454,1.7038,1.6673,2.2685,0.99882,0.03317,-0.03518,0.00326
1791075883.514,1.6682,1.6339,2.2683,0.99882,0.03335,-0.03528,0.00269
1791075883.574,1.6324,1.6003,2.2681,0.99881,0.03355,-0.03538,0.00214
1791075883.634,1.5965,1.5665,2.2681,0.99880,0.03377,-0.03546,0.00159
1791075883.694,1.5604,1.5326,2.2681,0.99879,0.03400,-0.03553,0.00105
1791075883.753,1.5241,1.4984,2.2681,0.99878,0.03423,-0.03561,0.00052
1791075883.814,1.4877,1.4640,2.2681,0.99877,0.03448,-0.03568,-0.00002
1791075883.874,1.4511,1.4295,2.2681,0.99876,0.03470,-0.03574,-0.00056
1791075883.934,1.4143,1.3947,2.2680,0.99875,0.03488,-0.03579,-0.00109
1791075883.994,1.3774,1.3597,2.2680,0.99874,0.03506,-0.03582,-0.00163
1791075884.053,1.3404,1.3246,2.2679,0.99873,0.03522,-0.03585,-0.00216
1791075884.114,1.3033,1.2892,2.2677,0.99873,0.03537,-0.03589,-0.00269
1791075884.174,1.2660,1.2536,2.2676,0.99872,0.03551,-0.03593,-0.00321
1791075884.234,1.2286,1.2179,2.2674,0.99871,0.03565,-0.03599,-0.00373
1791075884.294,1.1911,1.1820,2.2672,0.99870,0.03579,-0.03605,-0.00425
1791075884.354,1.1534,1.1459,2.2670,0.99869,0.03594,-0.03613,-0.00476
1791075884.414,1.1156,1.1096,2.2668,0.99868,0.03609,-0.03621,-0.00526
1791075884.474,1.0778,1.0731,2.2666,0.99867,0.03627,-0.03631,-0.00576
1791075884.533,1.0398,1.0365,2.2663,0.99865,0.03645,-0.03640,-0.00625
1791075884.594,1.0016,0.9996,2.2661,0.99864,0.03665,-0.03651,-0.00674
1791075884.654,0.9634,0.9626,2.2658,0.99862,0.03685,-0.03661,-0.00723
1791075884.714,0.9250,0.9254,2.2656,0.99861,0.03703,-0.03668,-0.00771
1791075884.774,0.8865,0.8881,2.2653,0.99862,0.03689,-0.03644,-0.00820
1791075884.834,0.8479,0.8506,2.2650,0.99867,0.03614,-0.03560,-0.00868
1791075884.894,0.8093,0.8130,2.2646,0.99877,0.03480,-0.03419,-0.00918
1791075884.954,0.7708,0.7754,2.2642,0.99888,0.03309,-0.03238,-0.00969
1791075885.014,0.7324,0.7379,2.2638,0.99901,0.03108,-0.03030,-0.01023
1791075885.074,0.6944,0.7007,2.2634,0.99913,0.02892,-0.02809,-0.01078
1791075885.134,0.6568,0.6638,2.2630,0.99925,0.02668,-0.02584,-0.01134
1791075885.194,0.6198,0.6275,2.2626,0.99935,0.02448,-0.02360,-0.01192
1791075885.254,0.5835,0.5918,2.2623,0.99944,0.02236,-0.02146,-0.01251
1791075885.314,0.5480,0.5568,2.2619,0.99952,0.02038,-0.01946,-0.01309
1791075885.374,0.5133,0.5227,2.2616,0.99958,0.01856,-0.01758,-0.01366
1791075885.434,0.4797,0.4895,2.2614,0.99963,0.01689,-0.01587,-0.01421
1791075885.494,0.4470,0.4572,2.2611,0.99967,0.01537,-0.01432,-0.01474
1791075885.554,0.4154,0.4259,2.2609,0.99970,0.01399,-0.01291,-0.01524
1791075885.613,0.3849,0.3956,2.2608,0.99973,0.01274,-0.01164,-0.01570
1791075885.673,0.3555,0.3664,2.2607,0.99975,0.01161,-0.01044,-0.01612
1791075885.734,0.3273,0.3382,2.2606,0.99976,0.01060,-0.00934,-0.01650
1791075885.794,0.3001,0.3111,2.2606,0.99978,0.00971,-0.00833,-0.01684
1791075885.854,0.2741,0.2851,2.2606,0.99979,0.00893,-0.00738,-0.01715
1791075885.914,0.2492,0.2600,2.2606,0.99979,0.00824,-0.00652,-0.01742
1791075885.974,0.2254,0.2360,2.2608,0.99980,0.00766,-0.00573,-0.01766
1791075886.034,0.2028,0.2130,2.2609,0.99980,0.00720,-0.00500,-0.01788
1791075886.094,0.1812,0.1910,2.2612,0.99980,0.00681,-0.00435,-0.01806
1791075886.154,0.1606,0.1699,2.2615,0.99981,0.00648,-0.00381,-0.01823
1791075886.214,0.1411,0.1497,2.2619,0.99981,0.00621,-0.00331,-0.01836
1791075886.274,0.1226,0.1303,2.2597,0.99981,0.00595,-0.00284,-0.01848
1791075886.334,0.1050,0.1118,2.2524,0.99981,0.00572,-0.00237,-0.01857
1791075886.394,0.0885,0.0942,2.2414,0.99981,0.00550,-0.00192,-0.01863
1791075886.453,0.0728,0.0773,2.2283,0.99981,0.00530,-0.00147,-0.01866
1791075886.513,0.0580,0.0611,2.2141,0.99981,0.00507,-0.00104,-0.01866
1791075886.574,0.0441,0.0456,2.1993,0.99981,0.00484,-0.00063,-0.01865
1791075886.634,0.0310,0.0308,2.1842,0.99982,0.00457,-0.00022,-0.01862
1791075886.694,0.0187,0.0166,2.1689,0.99982,0.00429,0.00018,-0.01859
1791075886.754,0.0072,0.0030,2.1536,0.99982,0.00397,0.00053,-0.01856
1791075886.814,-0.0036,-0.0100,2.1383,0.99982,0.00365,0.00088,-0.01853
1791075886.874,-0.0136,-0.0224,2.1229,0.99982,0.00329,0.00119,-0.01850
1791075886.934,-0.0229,-0.0342,2.1076,0.99982,0.00289,0.00145,-0.01846
1791075886.994,-0.0315,-0.0456,2.0921,0.99983,0.00248,0.00164,-0.01840
1791075887.054,-0.0395,-0.0563,2.0768,0.99983,0.00209,0.00179,-0.01834
1791075887.113,-0.0469,-0.0665,2.0614,0.99983,0.00163,0.00190,-0.01827
1791075887.174,-0.0537,-0.0762,2.0459,0.99983,0.00117,0.00197,-0.01819
1791075887.234,-0.0599,-0.0854,2.0304,0.99983,0.00072,0.00201,-0.01811
1791075887.294,-0.0656,-0.0940,2.0149,0.99984,0.00029,0.00202,-0.01802
1791075887.354,-0.0708,-0.1021,1.9994,0.99984,-0.00015,0.00204,-0.01794
1791075887.414,-0.0756,-0.1097,1.9838,0.99984,-0.00054,0.00208,-0.01786
1791075887.474,-0.0799,-0.1168,1.9682,0.99984,-0.00090,0.00209,-0.01778
1791075887.534,-0.0838,-0.1234,1.9526,0.99984,-0.00122,0.00210,-0.01772
1791075887.594,-0.0873,-0.1295,1.9369,0.99984,-0.00147,0.00213,-0.01766
1791075887.654,-0.0904,-0.1351,1.9212,0.99984,-0.00168,0.00215,-0.01761
1791075887.714,-0.0932,-0.1403,1.9055,0.99984,-0.00182,0.00216,-0.01757
1791075887.773,-0.0957,-0.1450,1.8898,0.99984,-0.00187,0.00218,-0.01753
1791075887.834,-0.0979,-0.1493,1.8740,0.99984,-0.00189,0.00213,-0.01750
1791075887.894,-0.0998,-0.1531,1.8582,0.99984,-0.00187,0.00205,-0.01747
1791075887.954,-0.1014,-0.1567,1.8424,0.99984,-0.00184,0.00195,-0.01744
1791075888.016,-0.1028,-0.1599,1.8265,0.99985,-0.00181,0.00181,-0.01741
1791075888.074,-0.1040,-0.1627,1.8106,0.99985,-0.00178,0.00164,-0.01737
1791075888.134,-0.1050,-0.1653,1.7947,0.99985,-0.00178,0.00146,-0.01733
1791075888.194,-0.1059,-0.1676,1.7787,0.99985,-0.00179,0.00129,-0.01729
1791075888.254,-0.1066,-0.1696,1.7627,0.99985,-0.00178,0.00110,-0.01724
1791075888.314,-0.1071,-0.1714,1.7467,0.99985,-0.00176,0.00090,-0.01719
1791075888.374,-0.1076,-0.1730,1.7307,0.99985,-0.00172,0.00068,-0.01714
1791075888.433,-0.1080,-0.1743,1.7146,0.99985,-0.00166,0.00046,-0.01710
1791075888.494,-0.1084,-0.1755,1.6985,0.99985,-0.00159,0.00025,-0.01705
1791075888.554,-0.1087,-0.1764,1.6824,0.99985,-0.00154,0.00001,-0.01702
1791075888.614,-0.1090,-0.1772,1.6662,0.99985,-0.00151,-0.00021,-0.01698
1791075888.674,-0.1093,-0.1779,1.6500,0.99986,-0.00149,-0.00043,-0.01695
1791075888.734,-0.1096,-0.1784,1.6338,0.99986,-0.00154,-0.00060,-0.01691
1791075888.794,-0.1099,-0.1788,1.6175,0.99986,-0.00161,-0.00075,-0.01688
1791075888.854,-0.1102,-0.1791,1.6012,0.99986,-0.00169,-0.00089,-0.01684
1791075888.914,-0.1106,-0.1792,1.5849,0.99986,-0.00178,-0.00100,-0.01681
1791075888.974,-0.1110,-0.1792,1.5685,0.99986,-0.00188,-0.00107,-0.01677
1791075889.034,-0.1115,-0.1790,1.5520,0.99986,-0.00199,-0.00109,-0.01674
1791075889.094,-0.1120,-0.1788,1.5356,0.99986,-0.00208,-0.00106,-0.01671
1791075889.153,-0.1125,-0.1784,1.5192,0.99986,-0.00217,-0.00100,-0.01668
1791075889.214,-0.1131,-0.1779,1.5028,0.99986,-0.00221,-0.00089,-0.01666
1791075889.274,-0.1136,-0.1773,1.4864,0.99986,-0.00223,-0.00074,-0.01664
1791075889.334,-0.1142,-0.1766,1.4700,0.99986,-0.00224,-0.00059,-0.01663
1791075889.394,-0.1148,-0.1757,1.4535,0.99986,-0.00223,-0.00040,-0.01662
1791075889.454,-0.1154,-0.1748,1.4371,0.99986,-0.00219,-0.00018,-0.01661
1791075889.514,-0.1160,-0.1738,1.4208,0.99986,-0.00217,0.00003,-0.01660
1791075889.574,-0.1165,-0.1727,1.4043,0.99986,-0.00212,0.00025,-0.01658
1791075889.634,-0.1169,-0.1715,1.3880,0.99986,-0.00209,0.00047,-0.01657
1791075889.694,-0.1173,-0.1703,1.3716,0.99986,-0.00206,0.00070,-0.01655
1791075889.754,-0.1177,-0.1690,1.3552,0.99986,-0.00208,0.00096,-0.01654
1791075889.814,-0.1179,-0.1677,1.3388,0.99986,-0.00214,0.00123,-0.01653
1791075889.874,-0.1181,-0.1663,1.3224,0.99986,-0.00223,0.00149,-0.01652
1791075889.934,-0.1181,-0.1648,1.3061,0.99986,-0.00235,0.00177,-0.01651
1791075889.994,-0.1180,-0.1633,1.2898,0.99986,-0.00252,0.00202,-0.01650
1791075890.054,-0.1178,-0.1617,1.2735,0.99986,-0.00271,0.00224,-0.01648
1791075890.114,-0.1174,-0.1600,1.2572,0.99986,-0.00290,0.00244,-0.01647
1791075890.174,-0.1169,-0.1583,1.2409,0.99986,-0.00308,0.00260,-0.01646
1791075890.234,-0.1163,-0.1564,1.2247,0.99986,-0.00321,0.00272,-0.01644
1791075890.294,-0.1155,-0.1545,1.2084,0.99986,-0.00330,0.00280,-0.01642
1791075890.354,-0.1145,-0.1525,1.1922,0.99986,-0.00333,0.00285,-0.01641
1791075890.414,-0.1135,-0.1503,1.1760,0.99986,-0.00332,0.00287,-0.01639
1791075890.474,-0.1123,-0.1481,1.1597,0.99986,-0.00327,0.00284,-0.01637
1791075890.534,-0.1110,-0.1458,1.1435,0.99986,-0.00316,0.00277,-0.01635
1791075890.594,-0.1096,-0.1435,1.1273,0.99986,-0.00305,0.00268,-0.01632
1791075890.654,-0.1081,-0.1411,1.1110,0.99986,-0.00292,0.00258,-0.01630
1791075890.714,-0.1065,-0.1387,1.0947,0.99986,-0.00281,0.00246,-0.01628
1791075890.774,-0.1048,-0.1362,1.0784,0.99986,-0.00271,0.00232,-0.01626
1791075890.834,-0.1031,-0.1337,1.0621,0.99986,-0.00261,0.00216,-0.01624
1791075890.894,-0.1014,-0.1312,1.0457,0.99986,-0.00253,0.00201,-0.01622
1791075890.954,-0.0996,-0.1287,1.0294,0.99986,-0.00243,0.00185,-0.01620
1791075891.014,-0.0978,-0.1262,1.0130,0.99986,-0.00232,0.00170,-0.01619
1791075891.074,-0.0960,-0.1237,0.9967,0.99987,-0.00221,0.00159,-0.01618
1791075891.134,-0.0942,-0.1212,0.9804,0.99987,-0.00206,0.00149,-0.01617
1791075891.194,-0.0925,-0.1187,0.9641,0.99987,-0.00192,0.00138,-0.01616
1791075891.254,-0.0907,-0.1163,0.9478,0.99987,-0.00181,0.00127,-0.01614
1791075891.314,-0.0890,-0.1139,0.9316,0.99987,-0.00169,0.00117,-0.01613
1791075891.374,-0.0873,-0.1115,0.9155,0.99987,-0.00155,0.00107,-0.01611
1791075891.434,-0.0856,-0.1092,0.8996,0.99987,-0.00141,0.00096,-0.01610
1791075891.494,-0.0840,-0.1069,0.8842,0.99987,-0.00130,0.00087,-0.01608
1791075891.554,-0.0824,-0.1047,0.8695,0.99987,-0.00120,0.00079,-0.01606
1791075891.614,-0.0809,-0.1025,0.8557,0.99987,-0.00114,0.00071,-0.01605
1791075891.674,-0.0794,-0.1004,0.8426,0.99987,-0.00114,0.00064,-0.01603
1791075891.734,-0.0779,-0.0984,0.8305,0.99987,-0.00116,0.00059,-0.01602
1791075891.794,-0.0765,-0.0964,0.8191,0.99987,-0.00121,0.00055,-0.01601
1791075891.854,-0.0752,-0.0945,0.8085,0.99987,-0.00126,0.00052,-0.01599
1791075891.914,-0.0739,-0.0925,0.7986,0.99987,-0.00131,0.00051,-0.01598
1791075891.974,-0.0726,-0.0907,0.7894,0.99987,-0.00132,0.00050,-0.01596
1791075892.034,-0.0714,-0.0888,0.7807,0.99987,-0.00128,0.00050,-0.01594
1791075892.094,-0.0702,-0.0870,0.7727,0.99987,-0.00121,0.00051,-0.01592
1791075892.154,-0.0691,-0.0852,0.7651,0.99987,-0.00108,0.00053,-0.01590
1791075892.214,-0.0680,-0.0835,0.7580,0.99987,-0.00093,0.00058,-0.01587
1791075892.273,-0.0669,-0.0818,0.7514,0.99987,-0.00077,0.00065,-0.01585
1791075893.398,-0.0666,-0.0812,0.7493,0.99987,-0.00071,0.00069,-0.01584
1791075893.458,-0.0655,-0.0796,0.7432,0.99987,-0.00052,0.00075,-0.01581
1791075893.518,-0.0645,-0.0780,0.7373,0.99988,-0.00010,0.00019,-0.01579
1791075893.580,-0.0636,-0.0765,0.7308,0.99988,0.00042,-0.00070,-0.01576
1791075893.638,-0.0627,-0.0752,0.7226,0.99987,0.00084,-0.00148,-0.01574
1791075893.698,-0.0620,-0.0740,0.7120,0.99987,0.00114,-0.00202,-0.01571
1791075893.758,-0.0614,-0.0729,0.6983,0.99987,0.00134,-0.00236,-0.01569
1791075893.818,-0.0610,-0.0720,0.6810,0.99987,0.00144,-0.00256,-0.01567
1791075893.878,-0.0608,-0.0712,0.6595,0.99987,0.00147,-0.00269,-0.01565
1791075893.938,-0.0608,-0.0705,0.6334,0.99987,0.00149,-0.00277,-0.01564
1791075893.998,-0.0609,-0.0700,0.6026,0.99987,0.00150,-0.00284,-0.01564
1791075894.058,-0.0612,-0.0696,0.5683,0.99987,0.00149,-0.00291,-0.01565
1791075894.118,-0.0616,-0.0693,0.5316,0.99987,0.00151,-0.00299,-0.01567
1791075894.178,-0.0622,-0.0691,0.4936,0.99987,0.00154,-0.00304,-0.01569
1791075894.238,-0.0630,-0.0690,0.4551,0.99987,0.00160,-0.00296,-0.01573
1791075894.298,-0.0639,-0.0690,0.4167,0.99987,0.00173,-0.00286,-0.01577
1791075894.358,-0.0649,-0.0691,0.3790,0.99987,0.00194,-0.00279,-0.01582
1791075894.418,-0.0660,-0.0694,0.3426,0.99987,0.00191,-0.00277,-0.01587
1791075894.478,-0.0673,-0.0697,0.3071,0.99987,0.00137,-0.00273,-0.01593
1791075894.538,-0.0686,-0.0701,0.2723,0.99987,0.00074,-0.00269,-0.01599
1791075894.598,-0.0701,-0.0706,0.2376,0.99987,0.00018,-0.00263,-0.01605
1791075894.659,-0.0706,-0.0707,0.2261,0.99987,0.00003,-0.00261,-0.01607
1791075894.718,-0.0706,-0.0707,0.2261,0.99987,0.00003,-0.00257,-0.01607
1791075894.778,-0.0705,-0.0707,0.2262,0.99987,0.00003,-0.00251,-0.01607
1791075894.838,-0.0705,-0.0707,0.2262,0.99987,0.00003,-0.00245,-0.01607
1791075894.898,-0.0705,-0.0707,0.2263,0.99987,0.00003,-0.00238,-0.01607
1791075894.958,-0.0704,-0.0707,0.2263,0.99987,0.00003,-0.00230,-0.01607
1791075895.018,-0.0704,-0.0707,0.2263,0.99987,0.00003,-0.00222,-0.01607
1791075895.078,-0.0704,-0.0707,0.2264,0.99987,0.00004,-0.00213,-0.01607
1791075895.138,-0.0703,-0.0707,0.2264,0.99987,0.00004,-0.00204,-0.01607
1791075895.198,-0.0703,-0.0707,0.2265,0.99987,0.00004,-0.00194,-0.01607
1791075895.258,-0.0702,-0.0707,0.2265,0.99987,0.00004,-0.00184,-0.01607
1791075895.318,-0.0702,-0.0707,0.2265,0.99987,0.00004,-0.00174,-0.01607
1791075895.378,-0.0701,-0.0707,0.2266,0.99987,0.00004,-0.00163,-0.01607
1791075895.438,-0.0701,-0.0707,0.2266,0.99987,0.00004,-0.00152,-0.01607
1791075895.498,-0.0700,-0.0707,0.2266,0.99987,0.00004,-0.00141,-0.01607
1791075895.558,-0.0700,-0.0707,0.2267,0.99987,0.00004,-0.00130,-0.01607
1791075895.618,-0.0699,-0.0707,0.2267,0.99987,0.00004,-0.00119,-0.01607
1791075895.678,-0.0699,-0.0707,0.2267,0.99987,0.00004,-0.00107,-0.01607
1791075895.738,-0.0698,-0.0707,0.2268,0.99987,0.00004,-0.00096,-0.01607
1791075895.798,-0.0698,-0.0707,0.2268,0.99987,0.00004,-0.00084,-0.01607
1791075895.858,-0.0697,-0.0707,0.2268,0.99987,0.00004,-0.00072,-0.01607
1791075895.918,-0.0697,-0.0707,0.2268,0.99987,0.00003,-0.00062,-0.01607
1791075895.978,-0.0696,-0.0707,0.2269,0.99987,0.00003,-0.00054,-0.01607
1791075896.038,-0.0696,-0.0707,0.2269,0.99987,0.00002,-0.00046,-0.01607
1791075896.098,-0.0696,-0.0707,0.2269,0.99987,0.00002,-0.00040,-0.01607
1791075896.158,-0.0695,-0.0707,0.2269,0.99987,0.00002,-0.00034,-0.01607
1791075896.218,-0.0695,-0.0707,0.2269,0.99987,0.00001,-0.00029,-0.01607
1791075896.278,-0.0695,-0.0707,0.2269,0.99987,0.00001,-0.00025,-0.01607
1791075896.338,-0.0695,-0.0707,0.2269,0.99987,0.00001,-0.00022,-0.01607
1791075896.398,-0.0695,-0.0707,0.2270,0.99987,0.00001,-0.00019,-0.01607
1791075896.458,-0.0695,-0.0707,0.2270,0.99987,0.00001,-0.00016,-0.01607
1791075896.518,-0.0695,-0.0707,0.2270,0.99987,0.00001,-0.00014,-0.01607
1791075896.578,-0.0694,-0.0707,0.2270,0.99987,0.00001,-0.00012,-0.01607
1791075896.638,-0.0694,-0.0707,0.2270,0.99987,0.00001,-0.00010,-0.01607
1791075896.698,-0.0694,-0.0707,0.2270,0.99987,0.00000,-0.00009,-0.01607
1791075896.758,-0.0694,-0.0707,0.2270,0.99987,0.00000,-0.00008,-0.01607
1791075896.818,-0.0694,-0.0707,0.2270,0.99987,0.00000,-0.00006,-0.01607
1791075896.878,-0.0694,-0.0707,0.2270,0.99987,0.00000,-0.00006,-0.01607
1791075896.938,-0.0694,-0.0707,0.2270,0.99987,0.00000,-0.00005,-0.01607
1791075896.998,-0.0694,-0.0707,0.2270,0.99987,0.00000,-0.00004,-0.01607
1791075897.058,-0.0694,-0.0707,0.2270,0.99987,0.00000,-0.00004,-0.01607
1791075897.118,-0.0694,-0.0707,0.2270,0.99987,0.00000,-0.00003,-0.01607
1791075897.178,-0.0694,-0.0707,0.2270,0.99987,0.00000,-0.00003,-0.01607
1791075897.238,-0.0694,-0.0707,0.2270,0.99987,0.00000,-0.00002,-0.01607
1791075897.298,-0.0694,-0.0707,0.2270,0.99987,0.00000,-0.00002,-0.01607
1791075897.358,-0.0694,-0.0707,0.2270,0.99987,0.00000,-0.00002,-0.01607
1791075897.418,-0.0694,-0.0707,0.2270,0.99987,0.00000,-0.00001,-0.01607
1791075897.478,-0.0694,-0.0707,0.2270,0.99987,0.00000,-0.00001,-0.01607
1791075897.538,-0.0694,-0.0707,0.2270,0.99987,0.00000,-0.00001,-0.01607
1791075897.598,-0.0694,-0.0707,0.2270,0.99987,0.00000,-0.00001,-0.01607
1791075897.658,-0.0694,-0.0707,0.2270,0.99987,0.00000,-0.00001,-0.01607
1791075897.718,-0.0694,-0.0707,0.2270,0.99987,0.00000,-0.00001,-0.01607
1791075897.778,-0.0694,-0.0707,0.2270,0.99987,0.00000,-0.00001,-0.01607
1791075897.838,-0.0694,-0.0707,0.2270,0.99987,0.00000,-0.00000,-0.01607
1791075897.898,-0.0694,-0.0707,0.2270,0.99987,0.00000,-0.00000,-0.01607
1791075897.958,-0.0694,-0.0707,0.2270,0.99987,0.00000,-0.00000,-0.01607
1791075898.020,-0.0694,-0.0707,0.2270,0.99987,0.00000,-0.00000,-0.01607
1791075898.078,-0.0694,-0.0707,0.2270,0.99987,0.00000,-0.00000,-0.01607
1791075898.138,-0.0694,-0.0707,0.2270,0.99987,0.00000,-0.00000,-0.01607
1791075898.198,-0.0694,-0.0707,0.2270,0.99987,0.00000,-0.00000,-0.01607
1791075898.258,-0.0694,-0.0707,0.2270,0.99987,0.00000,-0.00000,-0.01607
1791075898.318,-0.0694,-0.0707,0.2270,0.99987,0.00000,-0.00000,-0.01607
1791075898.378,-0.0694,-0.0707,0.2270,0.99987,0.00000,-0.00000,-0.01607
1791075898.438,-0.0694,-0.0707,0.2270,0.99987,0.00000,-0.00000,-0.01607
1791075898.498,-0.0694,-0.0707,0.2270,0.99987,0.00000,-0.00000,-0.01607
1791075898.558,-0.0694,-0.0707,0.2270,0.99987,0.00000,-0.00000,-0.01607
1791075898.618,-0.0694,-0.0707,0.2270,0.99987,0.00000,-0.00000,-0.01607
1791075898.678,-0.0694,-0.0707,0.2270,0.99987,0.00000,-0.00000,-0.01607
1791075898.738,-0.0694,-0.0707,0.2270,0.99987,0.00000,-0.00000,-0.01607
1791075898.805,-0.0694,-0.0707,0.2270,0.99987,0.00000,-0.00000,-0.01607
1791075898.861,-0.0694,-0.0707,0.2270,0.99987,0.00000,-0.00000,-0.01607
1791075898.921,-0.0694,-0.0707,0.2270,0.99987,0.00000,-0.00000,-0.01607
1791075898.981,-0.0694,-0.0707,0.2270,0.99987,0.00000,-0.00000,-0.01607
1791075899.041,-0.0694,-0.0707,0.2270,0.99987,0.00000,-0.00000,-0.01607
1791075899.101,-0.0694,-0.0707,0.2270,0.99987,0.00000,-0.00000,-0.01607
1791075899.161,-0.0694,-0.0707,0.2270,0.99987,0.00000,-0.00000,-0.01607
1791075899.221,-0.0694,-0.0707,0.2270,0.99987,0.00000,-0.00000,-0.01607
1791075899.281,-0.0694,-0.0707,0.2270,0.99987,0.00000,-0.00000,-0.01607
1791075899.341,-0.0694,-0.0707,0.2270,0.99987,0.00000,-0.00000,-0.01607
