auw_kg,hover_power_w,hover_minutes,twr,hover_throttle
2.30,390.5,16.70,4.682,0.2136
2.40,414.5,15.72,4.487,0.2229
2.50,439.0,14.82,4.308,0.2321
2.60,464.0,14.00,4.142,0.2414
2.70,489.5,13.25,3.989,0.2507
2.80,515.5,12.57,3.846,0.2600
2.90,541.9,11.93,3.713,0.2693
3.00,568.8,11.35,3.590,0.2786
3.10,596.1,10.82,3.474,0.2879
3.20,623.9,10.32,3.365,0.2971
3.30,652.1,9.85,3.263,0.3064
3.40,680.8,9.42,3.167,0.3157
3.50,709.8,9.02,3.077,0.3250
3.60,739.3,8.63,2.991,0.3343
3.70,769.2,8.28,2.911,0.3436
3.80,799.6,7.97,2.834,0.3529
3.90,830.3,7.65,2.761,0.3621
4.00,861.4,7.37,2.692,0.3714
4.10,892.9,7.08,2.627,0.3807
4.20,924.8,6.83,2.564,0.3900
